id,name,read,pattern,sequence,feature_type
CD335,CD335,R2,5PNNNNNNNNNN(BC),CCCTTTCACCTCGAA,Antibody Capture
CD3,CD3,R2,5PNNNNNNNNNN(BC),GTATGTCCGCTCGAT,Antibody Capture
CD4,CD4,R2,5PNNNNNNNNNN(BC),AACAAGACCCTTGAG,Antibody Capture
CD8a,CD8a,R2,5PNNNNNNNNNN(BC),TACCCGTAATAGCGT,Antibody Capture
CD19,CD19,R2,5PNNNNNNNNNN(BC),ATCAGCCATGTCAGT,Antibody Capture
HTO1,HTO1,R2,5PNNNNNNNNNN(BC),ACCCACCAGTAAGAC,Antibody Capture
HTO2,HTO2,R2,5PNNNNNNNNNN(BC),GGTCGAGAGCATTCA,Antibody Capture
HTO3,HTO3,R2,5PNNNNNNNNNN(BC),CTTGCCGCATGTCAT,Antibody Capture
HTO4,HTO4,R2,5PNNNNNNNNNN(BC),AAAGCATTCTTCACG,Antibody Capture
HTO5,HTO5,R2,5PNNNNNNNNNN(BC),CTTTGTCTTTGTGAG,Antibody Capture
HTO6,HTO6,R2,5PNNNNNNNNNN(BC),TATGCTGCCACGGTA,Antibody Capture
HTO7,HTO7,R2,5PNNNNNNNNNN(BC),GAGTCTGCCAGTATC,Antibody Capture
HTO8,HTO8,R2,5PNNNNNNNNNN(BC),TATAGAACGCCAGGC,Antibody Capture
HTO9,HTO9,R2,5PNNNNNNNNNN(BC),TGCCTATGAAACAAG,Antibody Capture
HTO10,HTO10,R2,5PNNNNNNNNNN(BC),CCGATTGTAACAGAC,Antibody Capture
HTO11,HTO11,R2,5PNNNNNNNNNN(BC),GCTTACCGAATTAAC,Antibody Capture
HTO12,HTO12,R2,5PNNNNNNNNNN(BC),CTGCAAATATAACGG,Antibody Capture
HTO13,HTO13,R2,5PNNNNNNNNNN(BC),CTACATTGCGATTTG,Antibody Capture
HTO14,HTO14,R2,5PNNNNNNNNNN(BC),CTTTCGCCAACTCTG,Antibody Capture
HTO15,HTO15,R2,5PNNNNNNNNNN(BC),CCCTCTCTGGATTCT,Antibody Capture
HTO16,HTO16,R2,5PNNNNNNNNNN(BC),GATGTATCCGTTGTC,Antibody Capture
HTO17,HTO17,R2,5PNNNNNNNNNN(BC),CTGCCGTTGTGCTAT,Antibody Capture
HTO18,HTO18,R2,5PNNNNNNNNNN(BC),GAATTAAGAGCCGGA,Antibody Capture
HTO19,HTO19,R2,5PNNNNNNNNNN(BC),GAATTAGCTGTGCAA,Antibody Capture
HTO20,HTO20,R2,5PNNNNNNNNNN(BC),CAAGTATCTGCCGTG,Antibody Capture
